{"entry":{"id":60,"inputs":[0,0,0,0,0,220,220,219,251,0,0,0,0,13,255,204,220,0,0,255,255,220,1,0,220,221,0,0,128,0,221,215,194,221,221,221,221,200,221,221,221,221,221,200,221,221,221,221,221,221,221,64,221,221,221,221,221,0,0,128,0,221,215,194,221,221,221,221,200,221,221,221,221,233,221,221,221,221,221,127,221,221,221,221,193,221,221,221,221,221,221,221,221,1,221,221,221,221,221,221,221,221,197,221,221,221,221,221,221,221,190,221,255,127,255,255,221,221,221,155,221,221,221,221,221,220,220,220,220,192,220,220,220,220,220,220,0,1,0,0,220,215,220,246,168,220,220,219,220,252,220,16,0,60,220,0,13,255,204,220,0,0,255,255,220,1,0,220,221,0,0,128,0,221,215,194,221,221,221,221,200,221,221,221,221,221,200,221,221,221,221,221,221,221,64,221,221,221,221,221,0,0,128,0,221,215,194,221,221,217,221,200,221,221,221,221,233,221,221,221,221,221,127,221,221,221,221,193,221,221,221,221,221,221,221,221,1,221,221,221,221,221,221,221,221,0,0,0,0,0,0,0,0,0,0,0,0,0,0,0,0,0,0,0],"lineage":{"parent":46,"mutation":{"mutator":{"id":472446402561,"seed":[705012077,637063460,1401907753,1546509135]},"ii":111}},"discovered_after":{"secs":25,"nanos":799778078},"new_cov":[68,69],"is_valid":false,"mutation_history":{"finished":[]}},"stats":{"mutators":[{"name":"arith   16/8","id":34359803904,"test_count":507500,"discovery_count":0,"last_discovery_after":null,"tests_per_second":{"global":135239.60456969313,"global_numerator":507500.0,"global_denominator":3.7525989639999999,"local":94262.79117148243,"local_numerator":23380.0,"local_denominator":0.24802999900000004}},{"name":"interest 32/8","id":51539673088,"test_count":56496,"discovery_count":0,"last_discovery_after":null,"tests_per_second":{"global":96672.87739482172,"global_numerator":56496.0,"global_denominator":0.5844038320000001,"local":22904.601389530202,"local_numerator":2640.0,"local_denominator":0.115260683}},{"name":"bitflip  2/1","id":8590000128,"test_count":29329,"discovery_count":2,"last_discovery_after":{"secs":0,"nanos":126884726},"tests_per_second":{"global":319424.92926587667,"global_numerator":29329.0,"global_denominator":0.09181813100000001,"local":19190649.02403475,"local_numerator":1343.0,"local_denominator":0.00006998200000000001}},{"name":"interest 8/8","id":42949738496,"test_count":33048,"discovery_count":1,"last_discovery_after":{"secs":25,"nanos":682204125},"tests_per_second":{"global":84702.55243432209,"global_numerator":33048.0,"global_denominator":0.390165338,"local":273965.4046199047,"local_numerator":1512.0,"local_denominator":0.005518945}},{"name":"bitflip  8/8","id":17179934720,"test_count":3672,"discovery_count":0,"last_discovery_after":null,"tests_per_second":{"global":259916.86907197358,"global_numerator":3672.0,"global_denominator":0.014127594000000002,"local":18070345.2726686,"local_numerator":168.0,"local_denominator":0.000009297000000000001}},{"name":"bitflip  1/1","id":4295032832,"test_count":29376,"discovery_count":10,"last_discovery_after":{"secs":0,"nanos":125968996},"tests_per_second":{"global":205123.19765167449,"global_numerator":29376.0,"global_denominator":0.14321149600000006,"local":6378192.655587087,"local_numerator":1344.0,"local_denominator":0.000210718}},{"name":"interest 16/8","id":47244705792,"test_count":72500,"discovery_count":0,"last_discovery_after":null,"tests_per_second":{"global":149322.98862114547,"global_numerator":72500.0,"global_denominator":0.485524705,"local":10801930.117333539,"local_numerator":3340.0,"local_denominator":0.00030920400000000004}},{"name":"arith   32/8","id":38654771200,"test_count":494340,"discovery_count":0,"last_discovery_after":null,"tests_per_second":{"global":133072.601339805,"global_numerator":494340.0,"global_denominator":3.7148142820000009,"local":95488.34201433973,"local_numerator":23100.0,"local_denominator":0.241914348}},{"name":"afl havoc","id":472446402561,"test_count":3185664,"discovery_count":44,"last_discovery_after":{"secs":25,"nanos":799778078},"tests_per_second":{"global":207615.362673208,"global_numerator":3185664.0,"global_denominator":15.344066830999969,"local":11174.851659846332,"local_numerator":1024.0,"local_denominator":0.091634326}},{"name":"bitflip 16/8","id":21474902016,"test_count":3625,"discovery_count":1,"last_discovery_after":{"secs":0,"nanos":128710725},"tests_per_second":{"global":115855.1902805645,"global_numerator":3625.0,"global_denominator":0.03128906000000001,"local":17564156.499789649,"local_numerator":167.0,"local_denominator":0.000009508000000000001}},{"name":"bitflip 32/8","id":25769869312,"test_count":3531,"discovery_count":1,"last_discovery_after":{"secs":0,"nanos":128931061},"tests_per_second":{"global":530030.0050120932,"global_numerator":3531.0,"global_denominator":0.006661887000000002,"local":17427122.940430926,"local_numerator":165.0,"local_denominator":0.000009468}},{"name":"random biflips","id":429496729601,"test_count":0,"discovery_count":0,"last_discovery_after":null,"tests_per_second":{"global":null,"global_numerator":0.0,"global_denominator":0.0,"local":null,"local_numerator":0.0,"local_denominator":0.0}},{"name":"arith    8/8","id":30064836608,"test_count":257040,"discovery_count":0,"last_discovery_after":null,"tests_per_second":{"global":224604.7096701318,"global_numerator":257040.0,"global_denominator":1.1444105530000002,"local":121402.02867125695,"local_numerator":11760.0,"local_denominator":0.09686823300000001}},{"name":"bitflip  4/1","id":12884967424,"test_count":29235,"discovery_count":1,"last_discovery_after":{"secs":0,"nanos":127767363},"tests_per_second":{"global":313156.44287915618,"global_numerator":29235.0,"global_denominator":0.093355895,"local":18830302.60478832,"local_numerator":1341.0,"local_denominator":0.000071215}},{"name":"random","id":644245094401,"test_count":0,"discovery_count":0,"last_discovery_after":null,"tests_per_second":{"global":null,"global_numerator":0.0,"global_denominator":0.0,"local":null,"local_numerator":0.0,"local_denominator":0.0}}],"tests_per_second":{"global":182403.2477802741,"global_numerator":4705356.0,"global_denominator":25.796448567999997,"local":11174.851659846332,"local_numerator":1024.0,"local_denominator":0.091634326},"cycles_per_test":{"global":2.3225031219741929,"global_numerator":10928204.0,"global_denominator":4705356.0,"local":4.8779296875,"local_numerator":4995.0,"local_denominator":1024.0},"cycles_per_second":{"global":423632.1124279188,"global_numerator":10928204.0,"global_denominator":25.796448567999997,"local":54510.14066497308,"local_numerator":4995.0,"local_denominator":0.091634326},"bitmap":[255,255,255,255,255,255,255,255,255,255,255,255,255,255,255,255,255,255,255,255,255,255,255,255,255,255,255,255,255,255,255,255,255,255,255,255,255,255,255,255,255,255,255,255,255,255,255,255,255,255,255,253,253,254,253,253,254,254,254,254,254,254,254,254,254,254,254,254,254,254,254,254,254,254,254,254,254,253,254,254,254,254,254,254,254,254,253,254,254,254,254,254,254,253,248,248,248,248,254,254,250,250,254,248,248,248,248,248,254,254,254,254,254,248,248,248,248,248,248,248,248,248,248,248,248,248,248,248,250,253,254,253,254,253,253,254,254,254,254,255,255,255],"runtime":{"secs":25,"nanos":799780762}},"trace_bits":[0,1,0,1,1,1,1,0,1,1,0,1,1,0,1,1,1,0,1,1,0,0,0,0,0,0,0,0,0,0,0,0,0,0,0,0,0,0,0,1,1,0,0,0,0,0,0,0,0,0,0,2,2,1,2,2,1,1,3,1,1,1,1,1,1,1,1,1,3,3,3,3,1,1,1,1,1,3,1,1,3,1,1,1,3,3,3,3,3,1,1,1,1,3,3,3,3,3,3,3,1,1,3,3,1,3,1,3,1,1,1,1,1,1,1,1,3,1,3,1,1,1,1,3,1,3,1,3,1,2,3,2,3,2,2,3,3,3,3,0,0,0]}