{"entry":{"id":51,"inputs":[0,0,248,255,255,255,255,255,255,255,0,128,0,0,0,0,240,255,255,31,255,127,0,162,162,162,162,162,162,162,162,0,0,0,0,162,162,162,162,162,162,162,162,162,162,162,198,198,198,198,198,198,198,198,198,198,198,198,198,198,198,198,198,198,0,0,255,162,162,0,0,0,0,0,0,0,0,0,4,140,165,140,140,140,140,140,140,140,140,140,140,140,140,140,140,140,140,140,140,140,140,140,140,140,143,100,100,100,100,100,100,100,100,100,100,100,100,100,140,140,140,140,140,140,140,127,255,140,140,140,140,140,140,140,140,4,140,165,140,140,140,140,140,140,140,140,140,122,140,140,140,140,140,140,140,140,140,140,140,140,140,140,100,100,100,100,100,100,100,100,100,100,100,100,100,140,167,140,140,140,140,140,140,140,140,140,140,140,140,140,0,0,162,162,162,0,0,0,0,0,0,0,255,162,162,0,0,0,0,0,0,0,0,0,4,140,165,140,140,250,0,0,250,140,140,140,140,140,140,140,140,140,140,140,140,140,140,140,140,140,140,100,100,100,100,100,100,100,100,100,100,100,100,100,140,140,140,140,140,140,140,127,255,140,140,140,140,140,140,0,0,0,0,0,0,0,0,0,0,0,0,0,0,0,0,0,0,0],"lineage":{"parent":4,"mutation":{"mutator":{"id":472446402561,"seed":[2287831909,3919814907,144744857,3361143796]},"ii":716}},"discovered_after":{"secs":3,"nanos":473467684},"new_cov":[53,72,73,74,85],"is_valid":false,"mutation_history":{"finished":[]}},"stats":{"mutators":[{"name":"arith   16/8","id":34359803904,"test_count":83300,"discovery_count":0,"last_discovery_after":null,"tests_per_second":{"global":114139.03503587704,"global_numerator":83300.0,"global_denominator":0.729811672,"local":147499.72385856018,"local_numerator":16660.0,"local_denominator":0.11294936400000001}},{"name":"interest 32/8","id":51539673088,"test_count":9360,"discovery_count":0,"last_discovery_after":null,"tests_per_second":{"global":14281180.577594413,"global_numerator":9360.0,"global_denominator":0.0006554080000000001,"local":14278304.90893004,"local_numerator":1872.0,"local_denominator":0.000131108}},{"name":"bitflip  2/1","id":8590000128,"test_count":4795,"discovery_count":2,"last_discovery_after":{"secs":0,"nanos":126884726},"tests_per_second":{"global":16761631.76844828,"global_numerator":4795.0,"global_denominator":0.00028607000000000003,"local":23965413.83446621,"local_numerator":959.0,"local_denominator":0.000040016000000000007}},{"name":"interest 8/8","id":42949738496,"test_count":5400,"discovery_count":0,"last_discovery_after":null,"tests_per_second":{"global":113101.02828941563,"global_numerator":5400.0,"global_denominator":0.04774492400000001,"local":70833.09558335973,"local_numerator":1080.0,"local_denominator":0.015247110000000002}},{"name":"bitflip  8/8","id":17179934720,"test_count":600,"discovery_count":0,"last_discovery_after":null,"tests_per_second":{"global":15655985.805239536,"global_numerator":600.0,"global_denominator":0.000038324,"local":22099447.51381215,"local_numerator":120.0,"local_denominator":0.0000054300000000000009}},{"name":"bitflip  1/1","id":4295032832,"test_count":4800,"discovery_count":10,"last_discovery_after":{"secs":0,"nanos":125968996},"tests_per_second":{"global":652558.4437459953,"global_numerator":4800.0,"global_denominator":0.007355663000000001,"local":154768.66437544555,"local_numerator":960.0,"local_denominator":0.006202806000000001}},{"name":"interest 16/8","id":47244705792,"test_count":11900,"discovery_count":0,"last_discovery_after":null,"tests_per_second":{"global":13614921.954462089,"global_numerator":11900.0,"global_denominator":0.0008740410000000001,"local":13607775.871926815,"local_numerator":2380.0,"local_denominator":0.00017490000000000002}},{"name":"arith   32/8","id":38654771200,"test_count":81900,"discovery_count":0,"last_discovery_after":null,"tests_per_second":{"global":114759.90324683638,"global_numerator":81900.0,"global_denominator":0.7136638989999999,"local":64980.57776945169,"local_numerator":16380.0,"local_denominator":0.252075321}},{"name":"afl havoc","id":472446402561,"test_count":224256,"discovery_count":36,"last_discovery_after":{"secs":3,"nanos":473467684},"tests_per_second":{"global":124322.70525142219,"global_numerator":224256.0,"global_denominator":1.8038217520000002,"local":17004.997476484943,"local_numerator":1024.0,"local_denominator":0.060217592}},{"name":"bitflip 16/8","id":21474902016,"test_count":595,"discovery_count":1,"last_discovery_after":{"secs":0,"nanos":128710725},"tests_per_second":{"global":15350085.13492596,"global_numerator":595.0,"global_denominator":0.000038762,"local":22156023.086948426,"local_numerator":119.0,"local_denominator":0.000005371000000000001}},{"name":"bitflip 32/8","id":25769869312,"test_count":585,"discovery_count":1,"last_discovery_after":{"secs":0,"nanos":128931061},"tests_per_second":{"global":15615824.035022155,"global_numerator":585.0,"global_denominator":0.000037462,"local":21586715.86715867,"local_numerator":117.0,"local_denominator":0.000005420000000000001}},{"name":"random biflips","id":429496729601,"test_count":0,"discovery_count":0,"last_discovery_after":null,"tests_per_second":{"global":null,"global_numerator":0.0,"global_denominator":0.0,"local":null,"local_numerator":0.0,"local_denominator":0.0}},{"name":"arith    8/8","id":30064836608,"test_count":42000,"discovery_count":0,"last_discovery_after":null,"tests_per_second":{"global":257908.44784340485,"global_numerator":42000.0,"global_denominator":0.16284848500000002,"local":20388448.487614018,"local_numerator":8400.0,"local_denominator":0.000411998}},{"name":"bitflip  4/1","id":12884967424,"test_count":4785,"discovery_count":1,"last_discovery_after":{"secs":0,"nanos":127767363},"tests_per_second":{"global":15959841.902506544,"global_numerator":4785.0,"global_denominator":0.00029981500000000004,"local":24237665.88998075,"local_numerator":957.0,"local_denominator":0.000039484000000000006}},{"name":"random","id":644245094401,"test_count":0,"discovery_count":0,"last_discovery_after":null,"tests_per_second":{"global":null,"global_numerator":0.0,"global_denominator":0.0,"local":null,"local_numerator":0.0,"local_denominator":0.0}}],"tests_per_second":{"global":136778.44118095467,"global_numerator":474276.0,"global_denominator":3.467476276999999,"local":17004.997476484943,"local_numerator":1024.0,"local_denominator":0.060217592},"cycles_per_test":{"global":3.3315263686123695,"global_numerator":1580063.0,"global_denominator":474276.0,"local":3.314453125,"local_numerator":3394.0,"local_denominator":1024.0},"cycles_per_second":{"global":455680.9834520464,"global_numerator":1580063.0,"global_denominator":3.467476276999999,"local":56362.26702655264,"local_numerator":3394.0,"local_denominator":0.060217592},"bitmap":[255,255,255,255,255,255,255,255,255,255,255,255,255,255,255,255,255,255,255,255,255,255,255,255,255,255,255,255,255,255,255,255,255,255,255,255,255,255,255,255,255,255,255,255,255,255,255,255,255,255,255,253,253,254,253,253,254,254,254,254,254,254,254,254,254,254,254,254,254,254,254,254,254,254,254,254,254,253,254,254,254,254,254,254,254,254,253,254,254,254,254,254,254,253,248,248,248,248,254,254,250,254,254,248,248,248,248,248,254,254,254,254,254,248,248,248,248,248,248,248,248,248,248,248,248,248,248,248,250,253,254,253,254,253,253,254,254,254,254,255,255,255],"runtime":{"secs":3,"nanos":473469597}},"trace_bits":[0,1,0,1,0,1,1,1,0,1,0,0,0,0,0,0,0,0,0,0,0,0,0,0,1,1,1,1,0,0,0,0,0,0,0,0,0,0,0,1,1,0,0,0,0,0,0,0,0,0,0,2,2,3,2,2,3,1,1,3,1,1,1,1,1,1,1,1,1,1,1,1,3,3,3,3,3,3,1,1,3,3,3,3,3,3,3,3,1,1,3,1,3,3,3,3,3,3,3,1,1,1,3,3,3,3,1,1,1,1,1,1,1,1,1,3,3,3,3,1,1,1,3,3,3,3,1,3,1,2,3,2,3,2,2,3,3,3,3,0,0,0]}