{"entry":{"id":138,"inputs":[226,228,255,226,128,0,18,0,0,0,2,64,0,0,185,0,0,127,196,248,255,0,23,243,255,4,255,255,5,233,0,0,0,0,0,0,0,0,64,0,0,0,0,0,0,0,0,0,1,0,29,222,222,222,222,222,222,0,0,0,0,32,0,0,0,0,0,0,128,0,0,0,1,253,0,0,1,1,229,0,0,0,0,0,0,0,2,128,0,0,0,250,0,0,250,0,228,255,226,111,0,0,0,8,0,2,64,0,0,0,255,255,127,255,248,255,0,100,0,0,5,255,255,5,233,0,0,0,0,32,0,0,0,0,0,0,0,0,0,0,0,0,0,1,0,29,0,0,0,0,0,0,128,0,127,0,0,128,0,0,0,255,255,0,0,214,0,0,255,0,0,214,0,0,0,0,0,0,0,0,0,2,128,0,0,0,0,0,2,64,0,233,0,0,0,0,32,0,0,15,0,0,0,0,0,0,0,0,0,0,1,0,19,0,0,0,255,255,255,230,0,0,0,128,0,127,0,0,128,2,1,0,0,255,229,0,0,0,227,0,0,0,2,128,250,255,127,255,255,0,250,0,228,255,226,128,0,0,0,0,0,2,64,0,0,185,0,0,127,0,248,255,0,0,0,0,5,255,255,5,233,0,0,0,185,0,0,127,0,248,255,0,0,0,0,5,255,232,3,233,0,0,0,0,32,0,0,0,0,0,0,0,0,0,0,0,0,0,1,0,29,0,0,6,0,0,255,255,255,230,0,0,0,128,0,127,0,0,128,0,0,0,0,0,32,0,0,0,0,0,0,0,0,0,0,0,0,0,1,128,0,127,0,0,128,0,0,0,255,255,0,0,127,0,0,128,0,0,0,0,0,0,2,128,0,0,0,0,0,0,128,0,0,0,0,250,0,0,250,0,0,0,0,234,255,255,255,0,0,0,0,1,0,19,0,0,0,255,255,0,0,0,0,0,0,1,0,19,0,0,0,255],"lineage":{"parent":134,"mutation":{"mutator":{"id":472446402561,"seed":[2575407655,333261621,2114744194,3382479084]},"ii":121}},"discovered_after":{"secs":502,"nanos":144619970},"new_cov":[169],"is_valid":false,"mutation_history":{"finished":[]}},"stats":{"mutators":[{"name":"interest 32/8","id":51539673088,"test_count":152784,"discovery_count":0,"last_discovery_after":null,"tests_per_second":{"global":72084.63034539753,"global_numerator":152784.0,"global_denominator":2.1195086840000005,"local":15864.184042909235,"local_numerator":3792.0,"local_denominator":0.23902899700000003}},{"name":"random","id":644245094401,"test_count":0,"discovery_count":0,"last_discovery_after":null,"tests_per_second":{"global":null,"global_numerator":0.0,"global_denominator":0.0,"local":null,"local_numerator":0.0,"local_denominator":0.0}},{"name":"random biflips","id":429496729601,"test_count":0,"discovery_count":0,"last_discovery_after":null,"tests_per_second":{"global":null,"global_numerator":0.0,"global_denominator":0.0,"local":null,"local_numerator":0.0,"local_denominator":0.0}},{"name":"bitflip  8/8","id":17179934720,"test_count":10224,"discovery_count":0,"last_discovery_after":null,"tests_per_second":{"global":56067.43012219502,"global_numerator":10224.0,"global_denominator":0.182351857,"local":53045.133230587846,"local_numerator":240.0,"local_denominator":0.004524449000000001}},{"name":"interest 16/8","id":47244705792,"test_count":196460,"discovery_count":1,"last_discovery_after":{"secs":0,"nanos":556953254},"tests_per_second":{"global":67289.73439704027,"global_numerator":196460.0,"global_denominator":2.9196132479999989,"local":8981720.882688955,"local_numerator":4780.0,"local_denominator":0.000532192}},{"name":"bitflip  2/1","id":8590000128,"test_count":81654,"discovery_count":3,"last_discovery_after":{"secs":0,"nanos":252965787},"tests_per_second":{"global":189842.86456352109,"global_numerator":81654.0,"global_denominator":0.430113611,"local":10186964.507532727,"local_numerator":1919.0,"local_denominator":0.000188378}},{"name":"interest 8/8","id":42949738496,"test_count":92016,"discovery_count":0,"last_discovery_after":null,"tests_per_second":{"global":44303.473307182365,"global_numerator":92016.0,"global_denominator":2.076947768,"local":9151883.127062882,"local_numerator":2160.0,"local_denominator":0.00023601700000000001}},{"name":"bitflip  1/1","id":4295032832,"test_count":81792,"discovery_count":10,"last_discovery_after":{"secs":0,"nanos":252269411},"tests_per_second":{"global":123219.006517293,"global_numerator":81792.0,"global_denominator":0.6637936979999998,"local":5801252.708006634,"local_numerator":1920.0,"local_denominator":0.00033096300000000004}},{"name":"bitflip 16/8","id":21474902016,"test_count":10086,"discovery_count":2,"last_discovery_after":{"secs":0,"nanos":254407070},"tests_per_second":{"global":999302.4896364226,"global_numerator":10086.0,"global_denominator":0.010093040000000001,"local":7474823.293926314,"local_numerator":239.0,"local_denominator":0.000031974}},{"name":"bitflip 32/8","id":25769869312,"test_count":9810,"discovery_count":1,"last_discovery_after":{"secs":0,"nanos":254543574},"tests_per_second":{"global":50432.79123429351,"global_numerator":9810.0,"global_denominator":0.19451630100000007,"local":8881061.23060781,"local_numerator":237.0,"local_denominator":0.000026686}},{"name":"arith    8/8","id":30064836608,"test_count":715680,"discovery_count":0,"last_discovery_after":null,"tests_per_second":{"global":92994.09588024262,"global_numerator":715680.0,"global_denominator":7.695972451000002,"local":34280.68286091838,"local_numerator":16800.0,"local_denominator":0.49007191800000007}},{"name":"afl havoc","id":472446402561,"test_count":36780032,"discovery_count":117,"last_discovery_after":{"secs":502,"nanos":144619970},"tests_per_second":{"global":83082.6752508994,"global_numerator":36780032.0,"global_denominator":442.69195580100009,"local":4674.088093058647,"local_numerator":1024.0,"local_denominator":0.21908016700000003}},{"name":"arith   16/8","id":34359803904,"test_count":1412040,"discovery_count":3,"last_discovery_after":{"secs":0,"nanos":260873761},"tests_per_second":{"global":66473.85828443263,"global_numerator":1412040.0,"global_denominator":21.242034635000008,"local":34176.86025911849,"local_numerator":33460.0,"local_denominator":0.9790249820000001}},{"name":"bitflip  4/1","id":12884967424,"test_count":81378,"discovery_count":1,"last_discovery_after":{"secs":0,"nanos":253615178},"tests_per_second":{"global":43765.20618803036,"global_numerator":81378.0,"global_denominator":1.8594222920000004,"local":8163.897642507827,"local_numerator":1917.0,"local_denominator":0.23481431100000003}},{"name":"arith   32/8","id":38654771200,"test_count":1373400,"discovery_count":0,"last_discovery_after":null,"tests_per_second":{"global":68475.36144877342,"global_numerator":1373400.0,"global_denominator":20.056849222,"local":33875.87379564658,"local_numerator":33180.0,"local_denominator":0.97945813}}],"tests_per_second":{"global":81644.75439757627,"global_numerator":40997356.0,"global_denominator":502.1431726080011,"local":4674.088093058647,"local_numerator":1024.0,"local_denominator":0.21908016700000003},"cycles_per_test":{"global":2.188953209567954,"global_numerator":89741294.0,"global_denominator":40997356.0,"local":7.0244140625,"local_numerator":7193.0,"local_denominator":1024.0},"cycles_per_second":{"global":178716.54718296187,"global_numerator":89741294.0,"global_denominator":502.1431726080011,"local":32832.73013024497,"local_numerator":7193.0,"local_denominator":0.21908016700000003},"bitmap":[255,255,255,255,255,255,255,255,255,255,255,255,255,255,255,255,255,255,255,255,255,255,255,255,255,255,255,255,255,255,255,255,255,255,255,255,255,255,255,255,255,255,255,255,255,255,255,255,255,255,255,248,248,248,248,254,254,254,254,254,254,254,254,254,254,254,254,254,254,254,254,254,254,254,254,254,248,248,248,248,248,248,248,248,248,248,248,248,248,248,248,248,248,248,248,248,248,248,248,248,248,248,248,248,248,248,248,248,248,248,248,248,248,248,248,248,248,248,248,248,248,248,248,248,248,248,248,248,248,248,248,248,248,248,248,248,248,248,248,253,254,253,254,253,253,254,254,254,253,254,253,254,254,253,253,253,254,254,253,254,254,253,254,254,254,249,253,253,254,254,253,254,254,254,254,253,253,254,254,254,254,253,253,254,254,253,253,253,253,255],"runtime":{"secs":502,"nanos":144635031}},"trace_bits":[0,0,0,0,0,0,1,0,0,1,0,1,0,0,0,0,1,1,0,1,0,0,0,0,0,0,0,0,0,0,0,0,0,0,0,0,0,0,0,1,1,0,0,0,0,0,0,0,0,0,0,3,3,3,3,1,1,1,1,1,1,1,1,1,1,1,1,1,1,1,1,1,1,1,1,1,1,1,1,1,1,1,3,1,1,1,1,1,1,1,1,3,1,3,1,1,1,1,1,3,1,1,1,1,1,1,3,1,1,1,1,1,1,3,1,1,1,1,1,1,1,1,3,1,3,1,1,1,1,1,3,1,1,1,1,1,1,3,3,2,3,2,3,2,2,3,3,3,3,3,2,1,1,3,3,3,3,3,2,1,3,3,3,3,3,3,3,2,3,3,2,1,1,3,3,3,2,1,1,3,3,3,3,3,3,3,3,2,3,0]}