{"entry":{"id":31,"inputs":[0,0,0,0,0,0,0,0,255,127,128,0,0,0,0,0,0,0,0,0,0,0,0,0,0,0,0,0,0,0,232,0,229,9,24,0,0,0,0,0,0,0,0,0,0,27,0,0,0,0,0,0,0,0,0,0,0,0,0,0,0,0,0,0,0,0,34,0,0,0,0,0,0,0,0,0,0,0,0,0,0,0,0,0,0,0,0,0,0,0,0,0,254,255,0,219,219,219,219,219,219,219,219,219,0,0,0,128,219,219,219,219,219,244,219,219,219,219,219,219,219,219,0,0,0,0,0,0,8,0,0,0,0,0,0,0,0,0,0,0,0,0,0,0,22,255,255,224,0,0,0,0,0,0,255,255,0,0,0,0,0,64,0,0,0,240,128,0,1,255,255,241,0,0,6,0,0,0,0,0,0,0,0,0,0,0,0,0,0,0,0,0,0,0,0,0,0,0,0,0,0,0,0,0,0,0,0,0,0,0,0,0,0,0,0,0,0,0,0,0,0,0,0,255,246,0,0,0,0,0,0,4,0,0,0,0,0,36,0,0,0,0,0,0,0,4,0,0,0,127,255,0,0,0,0,0,0,224,0,0,0,0,0,0,0,0,0,0,0,0,0,0,0,0,0,222,0,0,0,0,0,0,0,0,0,0,0,0,0,0,0,0,241,0,0,0,0,0,0,0,130,0,0,0,0,0,0,0,0,23,0,0,0,0,0,254,252,0,12,0,0,0,0,0,0,0,0,0,0,8,0,0,0,0,0,244,0,0,0,0,232,3,255,255,255,0,0,0,0,0,0,0,0,0,0,0,0,0,251,255,239,253,0,0,0,0,22,0,0,0,14,0,0,0,0,0,0,0,0,0,128,0,0,0,0,0,0,0,0,0,0,0,0,0,0,0,252,0,255,255,255,230,0,0,0,0,0,0,0,0,0,0,0,255,222,0,0,0,0,0,0,0,0,0,0,0,246,246,246,246,246,246,246,246,246,246,246,246,246,246,246,246,246,0,0,0,0,0,0,0,0,0,0,0,0,0],"lineage":{"parent":0,"mutation":{"mutator":{"id":472446402561,"seed":[1766455972,3053462174,929320177,2260741425]},"ii":857}},"discovered_after":{"secs":903,"nanos":18890404},"new_cov":[78],"is_valid":false,"mutation_history":{"finished":[]}},"stats":{"mutators":[{"name":"afl havoc","id":472446402561,"test_count":6144,"discovery_count":5,"last_discovery_after":{"secs":903,"nanos":18890404},"tests_per_second":{"global":9650.244465241998,"global_numerator":6144.0,"global_denominator":0.6366678090000001,"local":4993.022154019793,"local_numerator":1024.0,"local_denominator":0.20508621200000003}},{"name":"interest 32/8","id":51539673088,"test_count":15312,"discovery_count":0,"last_discovery_after":null,"tests_per_second":{"global":10741.487694572532,"global_numerator":15312.0,"global_denominator":1.425500865,"local":10741.487694572532,"local_numerator":15312.0,"local_denominator":1.425500865}},{"name":"random","id":644245094401,"test_count":0,"discovery_count":0,"last_discovery_after":null,"tests_per_second":{"global":null,"global_numerator":0.0,"global_denominator":0.0,"local":null,"local_numerator":0.0,"local_denominator":0.0}},{"name":"arith   32/8","id":38654771200,"test_count":3617460,"discovery_count":0,"last_discovery_after":null,"tests_per_second":{"global":10583.488887273632,"global_numerator":3617460.0,"global_denominator":341.8022202819999,"local":10350.04712534511,"local_numerator":133980.0,"local_denominator":12.944868596}},{"name":"interest 8/8","id":42949738496,"test_count":8640,"discovery_count":0,"last_discovery_after":null,"tests_per_second":{"global":10648.14820919881,"global_numerator":8640.0,"global_denominator":0.811408691,"local":10648.14820919881,"local_numerator":8640.0,"local_denominator":0.811408691}},{"name":"bitflip 16/8","id":21474902016,"test_count":25893,"discovery_count":1,"last_discovery_after":{"secs":3,"nanos":192923125},"tests_per_second":{"global":21760.662451679098,"global_numerator":25893.0,"global_denominator":1.189899437,"local":4799.20047622081,"local_numerator":959.0,"local_denominator":0.199824951}},{"name":"interest 16/8","id":47244705792,"test_count":19180,"discovery_count":0,"last_discovery_after":null,"tests_per_second":{"global":10354.593765316618,"global_numerator":19180.0,"global_denominator":1.8523179600000002,"local":10354.593765316618,"local_numerator":19180.0,"local_denominator":1.8523179600000002}},{"name":"random biflips","id":429496729601,"test_count":0,"discovery_count":0,"last_discovery_after":null,"tests_per_second":{"global":null,"global_numerator":0.0,"global_denominator":0.0,"local":null,"local_numerator":0.0,"local_denominator":0.0}},{"name":"bitflip  8/8","id":17179934720,"test_count":25920,"discovery_count":0,"last_discovery_after":null,"tests_per_second":{"global":8057.165985578863,"global_numerator":25920.0,"global_denominator":3.217012042,"local":206877.60280577749,"local_numerator":960.0,"local_denominator":0.004640425}},{"name":"bitflip  1/1","id":4295032832,"test_count":207360,"discovery_count":16,"last_discovery_after":{"secs":385,"nanos":236357097},"tests_per_second":{"global":11862.06256221592,"global_numerator":207360.0,"global_denominator":17.480939668999996,"local":9654.394160040882,"local_numerator":7680.0,"local_denominator":0.7954926920000001}},{"name":"arith    8/8","id":30064836608,"test_count":1814400,"discovery_count":0,"last_discovery_after":null,"tests_per_second":{"global":11075.000776191893,"global_numerator":1814400.0,"global_denominator":163.828430956,"local":10728.18407846986,"local_numerator":67200.0,"local_denominator":6.263874623}},{"name":"bitflip 32/8","id":25769869312,"test_count":25839,"discovery_count":5,"last_discovery_after":{"secs":218,"nanos":459567911},"tests_per_second":{"global":8083.723137112105,"global_numerator":25839.0,"global_denominator":3.1964231779999996,"local":759857.3024509962,"local_numerator":957.0,"local_denominator":0.0012594470000000002}},{"name":"bitflip  4/1","id":12884967424,"test_count":207279,"discovery_count":1,"last_discovery_after":{"secs":1,"nanos":638416197},"tests_per_second":{"global":11860.185077095539,"global_numerator":207279.0,"global_denominator":17.476877355000004,"local":9597.287586754223,"local_numerator":7677.0,"local_denominator":0.7999135100000001}},{"name":"arith   16/8","id":34359803904,"test_count":3625020,"discovery_count":0,"last_discovery_after":null,"tests_per_second":{"global":10974.702450349194,"global_numerator":3625020.0,"global_denominator":330.30690503000008,"local":10638.762125157793,"local_numerator":134260.0,"local_denominator":12.619889271}},{"name":"bitflip  2/1","id":8590000128,"test_count":207333,"discovery_count":3,"last_discovery_after":{"secs":386,"nanos":112105321},"tests_per_second":{"global":10475.282798357577,"global_numerator":207333.0,"global_denominator":19.792592142000005,"local":12744.411410047138,"local_numerator":7679.0,"local_denominator":0.602538615}}],"tests_per_second":{"global":10858.90728302543,"global_numerator":9805780.0,"global_denominator":903.0171954159999,"local":4993.022154019793,"local_numerator":1024.0,"local_denominator":0.20508621200000003},"cycles_per_test":{"global":3.839946745694886,"global_numerator":37653673.0,"global_denominator":9805780.0,"local":35.7255859375,"local_numerator":36583.0,"local_denominator":1024.0},"cycles_per_second":{"global":41697.625683255996,"global_numerator":37653673.0,"global_denominator":903.0171954159999,"local":178378.64205127548,"local_numerator":36583.0,"local_denominator":0.20508621200000003},"bitmap":[255,255,255,255,255,255,255,255,255,255,255,255,255,255,255,255,255,255,255,255,255,255,255,255,255,255,255,255,255,255,255,255,255,255,255,255,255,255,255,255,255,255,255,255,255,255,255,255,255,255,255,253,253,254,253,253,254,254,254,254,254,254,254,254,254,254,254,254,254,254,254,254,254,254,254,254,254,253,254,254,254,254,254,254,254,254,253,254,254,254,254,254,254,253,248,248,248,248,254,254,250,250,254,250,250,250,250,250,254,254,254,254,254,250,250,250,250,250,250,250,250,250,250,250,250,250,250,248,250,253,254,253,254,253,253,254,254,254,254,255,255,255],"runtime":{"secs":903,"nanos":18895474}},"trace_bits":[0,0,0,0,0,0,0,0,0,0,0,0,0,0,0,0,0,0,0,0,0,0,0,0,1,0,0,0,0,0,0,0,0,0,0,0,0,0,0,1,1,0,0,0,0,0,0,0,0,0,0,2,2,1,2,2,1,1,1,3,1,1,1,1,1,1,1,1,1,1,1,1,1,1,1,3,3,3,3,1,3,3,1,3,3,1,3,3,1,1,1,1,3,3,3,3,3,3,3,3,1,3,3,3,1,3,3,3,1,1,1,1,1,1,1,1,3,1,3,3,1,1,1,3,1,3,3,3,3,2,3,2,3,2,2,3,3,3,3,0,0,0]}