{"entry":{"id":33,"inputs":[0,0,34,0,0,0,0,0,0,0,0,0,0,0,128,0,0,0,0,0,0,0,0,0,0,0,0,0,0,0,0,0,0,0,0,0,0,0,0,0,0,0,0,0,0,0,0,0,0,25,0,0,0,0,0,0,0,0,0,0,0,0,0,0,0,0,0,0,30,0,20,0,0,0,0,0,0,0,0,0,0,0,0,0,0,0,0,0,0,0,32,0,0,0,0,0,0,0,0,0,128,0,0,0,0,0,0,0,0,10,0,255,243,0,0,0,25,0,0,0,0,0,0,0,0,0,0,0,0,0,16,0,0,65,0,0,0,0,0,0,0,0,0,0,0,0,0,0,0,0,0,0,0,0,0,0,0,0,0,0,0,0,0,0,0,0,0,0,0,0,0,0,0,0,0,222,255,255,255,0,3,0,9,0,0,27,0,0,0,0,0,0,0,0,0,0,0,0,0,0,22,128,0,0,0,34,0,0,230,0,0,0,0,0,0,0,0,0,0,0,0,0,0,0,0,0,0,0,0,0,0,0,0,0,0,0,0,0,255,0,0,1,0,0,255,255,24,128,0,0,2,0,0,0,0,0,0,0,0,0,0,0,0,0,0,0,30,0,20,0,0,0,0,0,0,0,0,0,0,0,0,0,0,0,0,0,0,0,0,0,0,0,0,0,34,0,0,0,0,0,0,128,0,0,0,0,32,32,0,0,0,0,0,0,0,0,0,0,0,255,255,255,127,0,0,0,0,0,0,0,0,0,0,15,0,0,0,0,16,0,0,0,0,0,183,0,0,0,0,0,0,0,0,0,0,0,0,0,0,0,0,0,0,0,0,0,0,0,0,0,0,0,0,0,0,0,0,0,0,0,0,0,0,0,0,0,0,0,0,0,0,0,0,0,0,0,0,0,0,0,0,0,0,0,0,0,0,0,0,0,0,0,13,0,0,3,232,0,0,0,0,0,0,238,255,255,255,0,0,0,0,0,0,0,0,0,0,0,255,127,0,0,0,0,0,0,0,0,0,0,0,0,62,0,0,0,0,0,0,0,0,0,0,0,22,0,0,0,10,0,0,0,0,0,0,0,0,0,0,232,161,161,161,161,161,161,161,161,161,161,161,161,161,161,161,161,161,161,161,0,0,0,0,0,0,0,0,0,0,0,0,0,0,0,0,0,0,0,0,0,0,0,0,0,0,0,0,0,16,0,0,0,0,0,0,0,0,0,0,0,0,0,0,0,0,0,0,0,0,0,0,0,0,0,0,0,0,0,0,0,0,0,0,0,0,0,0,0,0,0,0,0,0,0,0,0],"lineage":{"parent":0,"mutation":{"mutator":{"id":472446402561,"seed":[1871386640,3943545195,106324572,540618487]},"ii":580}},"discovered_after":{"secs":907,"nanos":235252189},"new_cov":[101],"is_valid":true,"mutation_history":{"finished":[]}},"stats":{"mutators":[{"name":"afl havoc","id":472446402561,"test_count":18432,"discovery_count":7,"last_discovery_after":{"secs":907,"nanos":235252189},"tests_per_second":{"global":10408.692476179192,"global_numerator":18432.0,"global_denominator":1.7708276080000003,"local":4803.221963768124,"local_numerator":1024.0,"local_denominator":0.213190231}},{"name":"interest 32/8","id":51539673088,"test_count":15312,"discovery_count":0,"last_discovery_after":null,"tests_per_second":{"global":10291.973778438292,"global_numerator":15312.0,"global_denominator":1.487761272,"local":10291.973778438292,"local_numerator":15312.0,"local_denominator":1.487761272}},{"name":"bitflip 32/8","id":25769869312,"test_count":25839,"discovery_count":5,"last_discovery_after":{"secs":221,"nanos":6318588},"tests_per_second":{"global":8057.420530894441,"global_numerator":25839.0,"global_denominator":3.2068575670000007,"local":759502.109463539,"local_numerator":957.0,"local_denominator":0.0012600360000000002}},{"name":"arith   16/8","id":34359803904,"test_count":3625020,"discovery_count":0,"last_discovery_after":null,"tests_per_second":{"global":10981.993843602953,"global_numerator":3625020.0,"global_denominator":330.0876008150001,"local":10397.881316302959,"local_numerator":134260.0,"local_denominator":12.912245862}},{"name":"random biflips","id":429496729601,"test_count":0,"discovery_count":0,"last_discovery_after":null,"tests_per_second":{"global":null,"global_numerator":0.0,"global_denominator":0.0,"local":null,"local_numerator":0.0,"local_denominator":0.0}},{"name":"bitflip  8/8","id":17179934720,"test_count":25920,"discovery_count":0,"last_discovery_after":null,"tests_per_second":{"global":8069.15806907162,"global_numerator":25920.0,"global_denominator":3.212231037999999,"local":222244.60101885259,"local_numerator":960.0,"local_denominator":0.004319565}},{"name":"bitflip  4/1","id":12884967424,"test_count":207279,"discovery_count":1,"last_discovery_after":{"secs":1,"nanos":696066514},"tests_per_second":{"global":11600.164151218216,"global_numerator":207279.0,"global_denominator":17.868626452000006,"local":9437.761250619096,"local_numerator":7677.0,"local_denominator":0.8134344360000001}},{"name":"bitflip  1/1","id":4295032832,"test_count":207360,"discovery_count":16,"last_discovery_after":{"secs":385,"nanos":352096042},"tests_per_second":{"global":11910.494470941368,"global_numerator":207360.0,"global_denominator":17.409856535000004,"local":9435.224443313096,"local_numerator":7680.0,"local_denominator":0.813971098}},{"name":"arith    8/8","id":30064836608,"test_count":1814400,"discovery_count":0,"last_discovery_after":null,"tests_per_second":{"global":11084.249127338386,"global_numerator":1814400.0,"global_denominator":163.691737632,"local":10628.923487584188,"local_numerator":67200.0,"local_denominator":6.322371224}},{"name":"interest 8/8","id":42949738496,"test_count":8640,"discovery_count":0,"last_discovery_after":null,"tests_per_second":{"global":10207.100847564576,"global_numerator":8640.0,"global_denominator":0.8464695440000001,"local":10207.100847564576,"local_numerator":8640.0,"local_denominator":0.8464695440000001}},{"name":"interest 16/8","id":47244705792,"test_count":19180,"discovery_count":0,"last_discovery_after":null,"tests_per_second":{"global":9978.913343858958,"global_numerator":19180.0,"global_denominator":1.922052967,"local":9978.913343858958,"local_numerator":19180.0,"local_denominator":1.922052967}},{"name":"random","id":644245094401,"test_count":0,"discovery_count":0,"last_discovery_after":null,"tests_per_second":{"global":null,"global_numerator":0.0,"global_denominator":0.0,"local":null,"local_numerator":0.0,"local_denominator":0.0}},{"name":"arith   32/8","id":38654771200,"test_count":3617460,"discovery_count":0,"last_discovery_after":null,"tests_per_second":{"global":10502.413619904653,"global_numerator":3617460.0,"global_denominator":344.44082388300009,"local":10744.121449958504,"local_numerator":133980.0,"local_denominator":12.470074973}},{"name":"bitflip  2/1","id":8590000128,"test_count":207333,"discovery_count":3,"last_discovery_after":{"secs":386,"nanos":156048094},"tests_per_second":{"global":10328.329264189479,"global_numerator":207333.0,"global_denominator":20.074205101,"local":12560.505910810674,"local_numerator":7679.0,"local_denominator":0.611360725}},{"name":"bitflip 16/8","id":21474902016,"test_count":25893,"discovery_count":1,"last_discovery_after":{"secs":3,"nanos":157984909},"tests_per_second":{"global":21305.22310145788,"global_numerator":25893.0,"global_denominator":1.215335783,"local":4589.768787023227,"local_numerator":959.0,"local_denominator":0.20894298700000003}}],"tests_per_second":{"global":10821.975169124678,"global_numerator":9818068.0,"global_denominator":907.2343861969997,"local":4803.221963768124,"local_numerator":1024.0,"local_denominator":0.213190231},"cycles_per_test":{"global":3.879563576051826,"global_numerator":38089819.0,"global_denominator":9818068.0,"local":35.587890625,"local_numerator":36442.0,"local_denominator":1024.0},"cycles_per_second":{"global":41984.5406870734,"global_numerator":38089819.0,"global_denominator":907.2343861969997,"local":170936.53789417773,"local_numerator":36442.0,"local_denominator":0.213190231},"bitmap":[255,255,255,255,255,255,255,255,255,255,255,255,255,255,255,255,255,255,255,255,255,255,255,255,255,255,255,255,255,255,255,255,255,255,255,255,255,255,255,255,255,255,255,255,255,255,255,255,255,255,255,253,253,254,253,253,254,254,254,254,254,254,254,254,254,254,254,254,254,254,254,254,254,254,254,254,254,253,254,254,254,254,254,254,254,254,253,254,254,254,254,254,254,253,250,250,250,250,254,254,250,250,254,250,250,250,250,250,254,254,254,254,254,250,250,250,250,250,250,250,250,250,250,250,250,250,250,249,250,253,254,253,254,253,253,254,254,254,254,255,255,255],"runtime":{"secs":907,"nanos":235257144}},"trace_bits":[0,0,0,0,0,0,0,0,0,0,0,0,0,0,0,0,0,0,0,0,0,0,0,0,0,0,0,0,0,0,0,0,0,0,0,0,0,0,0,0,0,0,0,0,0,0,0,0,0,0,0,2,2,1,2,2,1,1,1,1,1,1,1,1,1,1,1,1,1,1,1,1,1,1,1,1,1,2,1,1,1,1,1,1,1,1,2,1,1,1,1,1,1,2,3,3,3,3,1,1,1,3,1,1,3,1,1,1,1,1,1,1,1,1,1,1,1,3,1,1,1,1,1,1,3,1,1,3,3,2,1,2,1,2,2,1,1,1,1,0,0,0]}