{"entry":{"id":142,"inputs":[0,254,0,0,0,232,0,0,33,0,2,86,0,231,0,12,208,220,220,220,220,227,0,128,0,27,26,27,27,27,27,27,27,27,27,27,27,27,27,27,27,27,27,27,27,27,27,27,27,27,27,27,27,27,27,27,27,27,27,27,27,27,27,27,27,27,27,27,27,27,27,27,27,27,27,27,27,27,27,27,27,27,27,27,27,27,27,27,27,27,27,27,27,27,27,27,27,27,27,27,27,27,27,27,27,27,27,27,27,27,27,27,27,27,27,27,0,0,0,0,0,0,0,0,0,0,0,0,0,32,0,23,0,0,0,0,255,0,30,1,255,242,0,0,5,0,27,26,27,32,27,47,27,27,27,0,0,255,255,5,250,248,220,220,0,33,0,2,0,0,247,0,5,208,220,0,16,220,0,0,128,0,27,27,27,27,143,0,0,0,0,0,208,220,220,220,220,227,0,128,0,27,27,27,27,14,47,27,27,11,27,16,0,231,6,1,216,220,220,0,33,0,2,0,0,128,0,5,0,0,0,0,32,0,23,0,0,0,0,255,0,30,1,255,242,0,0,5,0,27,26,27,27,58,47,27,27,27,0,0,255,255,5,250,248,220,220,0,33,0,2,0,0,247,0,5,208,220,0,16,220,0,33,128,0,27,27,27,27,143,0,0,0,0,33,0,2,0,0,246,228,5,208,220,0,220,220,0,0,128,0,27,27,27,27,143,0,0,0,0,0,208,220,220,220,220,227,0,128,0,27,27,27,27,14,47,27,27,27,27,75,0,231,6,1,216,220,220,0,0,1,0,0,0,247,0,5,208,220,220,220,220,0,0,128,0,27,27,27,27,143,0,0,0,0,0,0,0,0,0,0,0,0,0,0,0,0,0,0,0,0,0,0,0,0,0,0,0,0,0,0,0,0,0,0,0,0,0],"lineage":{"parent":140,"mutation":{"mutator":{"id":472446402561,"seed":[165256947,834186286,3871929364,1528724297]},"ii":693}},"discovered_after":{"secs":339,"nanos":198984365},"new_cov":[169],"is_valid":false,"mutation_history":{"finished":[]}},"stats":{"mutators":[{"name":"bitflip  4/1","id":12884967424,"test_count":78486,"discovery_count":1,"last_discovery_after":{"secs":0,"nanos":202678975},"tests_per_second":{"global":86622.76302558425,"global_numerator":78486.0,"global_denominator":0.9060666880000002,"local":8908.12785441823,"local_numerator":2109.0,"local_denominator":0.23675008200000004}},{"name":"random","id":644245094401,"test_count":0,"discovery_count":0,"last_discovery_after":null,"tests_per_second":{"global":null,"global_numerator":0.0,"global_denominator":0.0,"local":null,"local_numerator":0.0,"local_denominator":0.0}},{"name":"bitflip 16/8","id":21474902016,"test_count":9722,"discovery_count":2,"last_discovery_after":{"secs":0,"nanos":203980383},"tests_per_second":{"global":267699.44351998835,"global_numerator":9722.0,"global_denominator":0.036316848,"local":8496204.167339687,"local_numerator":263.0,"local_denominator":0.000030955000000000007}},{"name":"random biflips","id":429496729601,"test_count":0,"discovery_count":0,"last_discovery_after":null,"tests_per_second":{"global":null,"global_numerator":0.0,"global_denominator":0.0,"local":null,"local_numerator":0.0,"local_denominator":0.0}},{"name":"bitflip  2/1","id":8590000128,"test_count":78770,"discovery_count":3,"last_discovery_after":{"secs":0,"nanos":201635303},"tests_per_second":{"global":141604.30748474546,"global_numerator":78770.0,"global_denominator":0.556268389,"local":9142446.329812343,"local_numerator":2111.0,"local_denominator":0.00023090100000000002}},{"name":"arith   16/8","id":34359803904,"test_count":1361080,"discovery_count":3,"last_discovery_after":{"secs":0,"nanos":214253043},"tests_per_second":{"global":69474.24396512877,"global_numerator":1361080.0,"global_denominator":19.59114518300001,"local":30495.50435556389,"local_numerator":36820.0,"local_denominator":1.207391082}},{"name":"interest 16/8","id":47244705792,"test_count":189180,"discovery_count":1,"last_discovery_after":{"secs":0,"nanos":536641938},"tests_per_second":{"global":65601.46356664092,"global_numerator":189180.0,"global_denominator":2.883777125,"local":22567.502822536026,"local_numerator":5260.0,"local_denominator":0.23307851300000002}},{"name":"afl havoc","id":472446402561,"test_count":24307712,"discovery_count":120,"last_discovery_after":{"secs":339,"nanos":198984365},"tests_per_second":{"global":85527.12289887552,"global_numerator":24307712.0,"global_denominator":284.2105659129987,"local":4156.243991913897,"local_numerator":1024.0,"local_denominator":0.24637629600000003}},{"name":"arith    8/8","id":30064836608,"test_count":690480,"discovery_count":0,"last_discovery_after":null,"tests_per_second":{"global":100914.36172340988,"global_numerator":690480.0,"global_denominator":6.842237202000001,"local":38057.16108574634,"local_numerator":18480.0,"local_denominator":0.48558535300000008}},{"name":"interest 8/8","id":42949738496,"test_count":88776,"discovery_count":0,"last_discovery_after":null,"tests_per_second":{"global":55043.39294755706,"global_numerator":88776.0,"global_denominator":1.6128366230000009,"local":500386.7678026387,"local_numerator":2376.0,"local_denominator":0.004748327}},{"name":"arith   32/8","id":38654771200,"test_count":1321320,"discovery_count":0,"last_discovery_after":null,"tests_per_second":{"global":70010.1387187444,"global_numerator":1321320.0,"global_denominator":18.873266417999998,"local":30071.71182354603,"local_numerator":36540.0,"local_denominator":1.215095443}},{"name":"bitflip  8/8","id":17179934720,"test_count":9864,"discovery_count":0,"last_discovery_after":null,"tests_per_second":{"global":18220.825869387707,"global_numerator":9864.0,"global_denominator":0.541358557,"local":58569.636302525476,"local_numerator":264.0,"local_denominator":0.0045074550000000009}},{"name":"bitflip  1/1","id":4295032832,"test_count":78912,"discovery_count":10,"last_discovery_after":{"secs":0,"nanos":200522062},"tests_per_second":{"global":107752.50091128164,"global_numerator":78912.0,"global_denominator":0.732344951,"local":5462643.48491824,"local_numerator":2112.0,"local_denominator":0.00038662600000000005}},{"name":"bitflip 32/8","id":25769869312,"test_count":9438,"discovery_count":2,"last_discovery_after":{"secs":161,"nanos":183397878},"tests_per_second":{"global":116349.36378052445,"global_numerator":9438.0,"global_denominator":0.08111776199999998,"local":8770455.996505259,"local_numerator":261.0,"local_denominator":0.000029759}},{"name":"interest 32/8","id":51539673088,"test_count":146832,"discovery_count":0,"last_discovery_after":null,"tests_per_second":{"global":63168.495438749094,"global_numerator":146832.0,"global_denominator":2.324449854,"local":16695.902086786256,"local_numerator":4176.0,"local_denominator":0.250121256}}],"tests_per_second":{"global":83641.69197349363,"global_numerator":28370572.0,"global_denominator":339.1917515129984,"local":4156.243991913897,"local_numerator":1024.0,"local_denominator":0.24637629600000003},"cycles_per_test":{"global":2.1215513737262685,"global_numerator":60189626.0,"global_denominator":28370572.0,"local":7.587890625,"local_numerator":7770.0,"local_denominator":1024.0},"cycles_per_second":{"global":177450.14650715478,"global_numerator":60189626.0,"global_denominator":339.1917515129984,"local":31537.124821456036,"local_numerator":7770.0,"local_denominator":0.24637629600000003},"bitmap":[255,255,255,255,255,255,255,255,255,255,255,255,255,255,255,255,255,255,255,255,255,255,255,255,255,255,255,255,255,255,255,255,255,255,255,255,255,255,255,255,255,255,255,255,255,255,255,255,255,255,255,248,248,248,248,254,254,254,254,254,254,254,254,254,254,254,254,254,254,254,254,254,254,254,254,254,248,248,248,248,248,248,248,248,248,248,248,248,248,248,248,248,248,248,248,248,248,248,248,248,248,248,248,248,248,248,248,248,248,248,248,248,248,248,248,248,248,248,248,248,248,248,248,248,248,248,248,248,248,248,248,248,248,248,248,248,248,248,248,253,254,253,254,253,253,254,254,254,253,254,253,254,254,253,253,253,254,254,253,254,254,253,254,254,254,249,253,253,254,254,253,254,254,254,254,253,253,254,254,254,254,253,253,254,254,253,253,253,253,255],"runtime":{"secs":339,"nanos":198991777}},"trace_bits":[0,1,0,1,1,1,0,0,0,0,0,0,1,0,1,0,1,0,0,1,0,0,0,0,0,0,0,0,0,0,0,0,1,0,1,0,0,0,0,1,1,0,0,0,0,0,0,0,0,0,0,3,3,3,3,1,1,1,1,1,1,1,1,1,1,1,1,1,1,1,1,1,1,1,1,1,1,1,1,1,1,3,3,1,1,1,1,1,1,1,1,3,1,3,1,1,1,1,1,3,1,1,1,1,1,1,1,1,1,1,1,1,3,3,1,1,1,1,1,1,1,1,3,1,3,1,1,1,1,1,3,1,1,1,1,1,1,1,3,2,3,2,3,2,2,3,3,3,3,3,2,1,1,3,3,3,3,3,2,1,3,3,3,3,3,3,3,2,3,3,2,1,1,3,3,3,2,1,1,3,3,3,3,3,3,3,3,2,3,0]}